id,first_name,last_name,email,gender,birth_date,time_of_birth,is_active,address,country,timezone
1,Veda,Pavey,vpavey0@delicious.com,Female,7/7/2017,12:44:48,false,,Indonesia,Asia/Jakarta
2,Phylis,Fritzer,pfritzer1@posterous.com,Female,9/29/2014,17:15:20,false,,Indonesia,Asia/Jakarta
3,Tim,Bigby,tbigby2@amazonaws.com,Male,5/11/2025,7:07:32,false,7th Floor,China,Asia/Chongqing
4,Sherill,Arkley,sarkley3@seattletimes.com,Female,3/11/2013,21:42:11,false,Suite 30,China,Asia/Shanghai
5,Jared,Burdytt,,Male,9/28/2009,22:41:39,true,18th Floor,China,Asia/Chongqing
6,Willdon,,wemanson5@pinterest.com,Male,1/28/2005,8:08:51,true,Suite 78,France,Europe/Paris
7,Bart,McCullen,bmccullen6@elegantthemes.com,Male,6/10/2015,16:31:06,false,14th Floor,El Salvador,America/El_Salvador
8,Dex,Carslake,dcarslake7@geocities.jp,Male,9/27/2018,20:31:27,true,2nd Floor,Ukraine,
9,Averell,Meace,ameace8@discuz.net,Male,6/21/2004,16:16:15,false,Room 986,,Europe/Lisbon
10,Marabel,Beran,mberan9@addtoany.com,Female,9/20/2006,5:22:50,true,PO Box 97072,Argentina,America/Argentina/Cordoba
11,Melvyn,Vinsen,mvinsena@free.fr,Male,12/5/2004,0:20:24,true,,Greece,Europe/Athens
12,Petrina,Fuzzens,pfuzzensb@xing.com,Female,6/14/1997,8:44:35,false,Apt 375,,Asia/Bangkok
13,Wendi,Sclanders,wsclandersc@google.es,,11/24/2022,16:32:38,false,15th Floor,China,Asia/Shanghai
14,Carissa,Rowler,crowlerd@tamu.edu,Female,9/18/2018,3:09:01,false,Room 827,Portugal,Africa/Accra
15,Milt,Wyburn,mwyburne@eepurl.com,Male,9/16/2019,17:08:54,,Apt 433,Indonesia,Asia/Jakarta
16,Priscella,Geffinger,pgeffingerf@flickr.com,Female,12/19/2016,7:44:00,true,PO Box 1884,Canada,America/Montreal
17,Suki,Ibanez,sibanezg@hao123.com,Female,7/4/2001,10:02:43,true,PO Box 89157,China,
18,Nikaniki,Arthur,narthurh@xinhuanet.com,Female,7/16/2020,9:03:37,false,PO Box 24884,Russia,Europe/Moscow
19,Elnore,Camerello,ecamerelloi@themeforest.net,Female,5/5/2008,4:53:44,false,Suite 28,Portugal,Europe/Lisbon
20,Rea,Dickie,rdickiej@liveinternet.ru,Female,5/19/2016,3:14:41,false,2nd Floor,China,
21,Juieta,Edsell,jedsellk@51.la,Female,,10:49:56,true,Suite 43,China,Asia/Chongqing
22,Hester,Peakman,hpeakmanl@privacy.gov.au,Agender,9/27/2010,7:36:00,true,Apt 1184,Colombia,
23,Jandy,Ishchenko,jishchenkom@goo.gl,,11/29/1994,,false,PO Box 25555,Brazil,America/Fortaleza
24,Xaviera,Bricket,xbricketn@businessweek.com,Female,9/18/2008,19:19:14,false,,Portugal,
25,Mirabella,Acum,macumo@artisteer.com,,6/23/2016,2:57:15,false,Room 1018,China,Asia/Shanghai
26,Kathleen,Coling,kcolingp@51.la,,7/14/2022,19:46:23,,,Serbia,Europe/Belgrade
27,Bernadine,Lodovichi,blodovichiq@quantcast.com,Female,2/19/2003,6:33:27,,Suite 50,Japan,Asia/Tokyo
28,Cindelyn,Neggrini,cneggrinir@barnesandnoble.com,Female,11/17/2003,1:57:55,true,Room 33,Indonesia,Asia/Makassar
29,Jo-ann,Blannin,jblannins@cornell.edu,Female,1/21/2018,20:02:12,true,Suite 45,Indonesia,Asia/Jakarta
30,Kelly,Tyt,,Genderfluid,8/8/2013,12:43:08,false,,Russia,Asia/Yekaterinburg
31,Burtie,Riha,brihau@domainmarket.com,Male,5/6/1998,20:12:55,true,3rd Floor,Norway,Europe/Oslo
32,Camellia,Dorow,cdorowv@state.tx.us,Female,4/24/2013,13:15:44,true,Suite 22,China,Asia/Harbin
33,Almeta,Michie,amichiew@latimes.com,Female,4/17/2006,3:32:44,true,Suite 62,Zimbabwe,Africa/Harare
34,Lowell,Izakof,lizakofx@posterous.com,Polygender,9/9/2025,23:55:44,false,Room 727,Iran,Asia/Tehran
35,Lianne,Buller,lbullery@youku.com,Female,3/19/2006,,false,7th Floor,Indonesia,Asia/Jakarta
36,Katherina,McShea,kmcsheaz@aboutads.info,Female,6/24/2019,,false,Suite 25,Poland,Europe/Warsaw
37,Rivi,Marquis,rmarquis10@vinaora.com,Female,11/16/1994,9:40:55,true,,Sierra Leone,Africa/Freetown
38,Gunther,Von Brook,gvonbrook11@so-net.ne.jp,Male,9/17/1999,9:50:21,true,PO Box 1264,Poland,Europe/Warsaw
39,Jobie,Renney,jrenney12@hatena.ne.jp,Female,1/18/2016,0:37:46,true,,Portugal,Europe/Lisbon
40,Gustav,Roman,groman13@mysql.com,Male,8/1/2021,16:32:32,false,PO Box 96738,China,Asia/Shanghai
41,Marcie,Eck,meck14@nymag.com,,7/13/2015,14:38:56,false,Room 348,Latvia,Europe/Riga
42,Fulton,Goodbanne,fgoodbanne15@narod.ru,Male,11/23/2016,10:48:08,true,16th Floor,,Africa/Windhoek
43,Ardith,Gossart,agossart16@gravatar.com,Female,1/31/2001,10:42:27,false,Room 1500,Brazil,America/Noronha
44,Kim,Rhelton,krhelton17@si.edu,Male,5/29/2015,22:04:44,false,PO Box 7752,Poland,Europe/Warsaw
45,Oneida,Bridgestock,obridgestock18@feedburner.com,Female,10/1/2002,16:13:42,false,1st Floor,,Europe/Moscow
46,Brittan,Watkins,bwatkins19@amazonaws.com,Female,3/14/2021,,false,Suite 37,Indonesia,Asia/Makassar
47,Wadsworth,Geale,wgeale1a@marriott.com,Male,9/24/2000,2:39:23,true,PO Box 57760,Brazil,America/Recife
48,Mindy,Werrit,mwerrit1b@deliciousdays.com,Female,,22:04:13,true,,Philippines,Asia/Manila
49,Skell,,sshah1c@mozilla.com,Male,,7:31:43,true,Apt 588,China,Asia/Harbin
50,Almire,Kondratovich,akondratovich1d@java.com,Female,11/20/2009,21:06:39,true,16th Floor,Albania,Europe/Tirane
51,Josiah,McCotter,jmccotter1e@vimeo.com,Male,7/14/2003,12:45:13,false,Apt 848,Canada,America/Moncton
52,Melodee,Skurm,mskurm1f@tamu.edu,Female,9/28/2018,9:49:49,true,PO Box 60037,China,
53,Ashli,Resdale,aresdale1g@eepurl.com,Female,6/18/2023,22:54:37,true,Apt 1809,Argentina,America/Argentina/Jujuy
54,Nikolaos,Hancell,nhancell1h@networkadvertising.org,Male,4/24/2020,0:39:22,false,Apt 481,Brazil,America/Sao_Paulo
55,Yankee,,ycowling1i@blogger.com,Male,10/4/2021,17:36:46,false,Apt 697,Russia,Asia/Krasnoyarsk
56,Ginni,Maleby,gmaleby1j@tamu.edu,Genderfluid,8/26/2023,6:58:18,false,Suite 63,Finland,Europe/Helsinki
57,Kristan,Garlee,kgarlee1k@etsy.com,Female,4/18/2012,10:40:20,true,2nd Floor,Kyrgyzstan,Asia/Bishkek
58,Miner,Milnthorpe,mmilnthorpe1l@rediff.com,Male,1/4/2017,7:03:32,true,PO Box 96242,Colombia,America/Bogota
59,Allianora,,ascaddon1m@soundcloud.com,Female,,18:11:58,true,Apt 837,Indonesia,Asia/Jakarta
60,Panchito,Wainscot,pwainscot1n@amazon.co.uk,,4/15/2019,22:53:55,true,12th Floor,Colombia,America/Bogota
61,Lola,Gianuzzi,lgianuzzi1o@boston.com,Female,2/25/2024,18:03:35,false,PO Box 14304,China,Asia/Chongqing
62,Melita,Radwell,mradwell1p@gov.uk,Female,10/6/1996,17:08:20,false,Apt 1273,Indonesia,Asia/Jakarta
63,Robinia,Obispo,robispo1q@people.com.cn,,10/29/2022,19:29:01,false,Room 1547,Brazil,America/Sao_Paulo
64,Eli,Mityushin,emityushin1r@europa.eu,Male,10/22/2005,23:21:18,true,Suite 84,Russia,Europe/Volgograd
65,Waverly,Renneke,wrenneke1s@mlb.com,,8/24/1995,15:04:34,true,1st Floor,Iran,Asia/Tehran
66,Mallory,,mburrows1t@furl.net,Male,5/25/2011,11:42:40,true,Room 1924,Ukraine,Europe/Warsaw
67,Jasmin,Kane,jkane1u@acquirethisname.com,Female,3/20/2018,11:10:28,true,Apt 97,New Zealand,Pacific/Auckland
68,Ophelia,Valentine,ovalentine1v@eventbrite.com,Female,1/18/1996,22:14:05,true,Room 1229,Indonesia,Asia/Jakarta
69,Georgia,Relf,grelf1w@loc.gov,Female,11/13/2016,6:57:30,false,Suite 18,Russia,Asia/Yekaterinburg
70,Georgie,Bourdel,gbourdel1x@xrea.com,,10/25/2021,11:09:00,true,PO Box 64512,Philippines,Asia/Manila
71,Gan,Van Oort,gvanoort1y@ebay.com,Male,9/26/2015,20:59:51,,Suite 87,China,Asia/Chongqing
72,Alon,Sporle,asporle1z@sina.com.cn,Male,12/16/2005,13:46:25,true,Room 718,China,Asia/Chongqing
73,Obidiah,Hembling,ohembling20@europa.eu,Male,11/15/2012,6:28:51,false,PO Box 91565,Belarus,Europe/Minsk
74,Letizia,Korejs,lkorejs21@mac.com,Female,10/4/2016,2:49:48,true,Room 1763,Japan,Asia/Tokyo
75,Robinia,Larret,rlarret22@utexas.edu,Female,5/22/2010,5:25:00,,Room 123,Philippines,Asia/Manila
76,Thedric,Staddon,tstaddon23@woothemes.com,,2/13/2024,9:43:28,false,Suite 89,Philippines,Asia/Manila
77,Forrest,Trouncer,ftrouncer24@ucsd.edu,,10/14/2014,13:04:51,true,Room 80,Japan,Asia/Tokyo
78,Gene,Bargery,gbargery25@theatlantic.com,Male,4/29/2013,12:48:04,true,Room 1390,South Africa,Africa/Johannesburg
79,Geri,Cinelli,gcinelli26@technorati.com,Female,5/15/2010,4:54:05,false,Suite 69,China,Asia/Shanghai
80,Sly,Sazio,ssazio27@imgur.com,Male,3/17/1998,11:55:54,true,Room 944,Indonesia,Asia/Jakarta
81,Gaby,Mullen,gmullen28@quantcast.com,Male,4/5/2006,13:31:28,true,9th Floor,China,
82,Laurie,Hum,lhum29@yandex.ru,Bigender,,9:32:58,true,Apt 554,Portugal,Europe/Lisbon
83,Sashenka,Shropsheir,sshropsheir2a@oaic.gov.au,Female,5/20/2025,0:48:54,false,Apt 1223,Indonesia,
84,Patten,Cattach,pcattach2b@webs.com,Male,8/25/1994,23:17:24,false,,Belarus,Europe/Minsk
85,Terencio,Alger,talger2c@yale.edu,Male,7/11/2010,,true,Room 1144,Portugal,Europe/Lisbon
86,Gare,Harron,gharron2d@cbslocal.com,Agender,3/19/2017,12:09:37,true,Room 1457,China,Asia/Shanghai
87,Hyacinthie,Klink,hklink2e@msn.com,Female,7/10/2011,23:27:23,true,Suite 81,Yemen,Asia/Aden
88,Gwenneth,Elloway,gelloway2f@ning.com,Female,5/18/2024,0:02:43,true,Room 1499,Colombia,America/Bogota
89,Ilaire,Hassell,ihassell2g@people.com.cn,Male,8/20/2010,20:00:29,true,Apt 1723,Honduras,America/Tegucigalpa
90,Willow,Scurrah,wscurrah2h@discuz.net,Female,1/12/2022,3:42:34,false,PO Box 26317,Philippines,Asia/Manila
91,Gerhardine,O'Bradane,gobradane2i@slashdot.org,Female,12/14/2006,,false,,Albania,Europe/Tirane
92,Corette,Lofting,clofting2j@bbc.co.uk,Female,12/25/2018,4:04:47,false,Suite 82,,Asia/Harbin
93,Kerstin,Guitt,kguitt2k@bravesites.com,Female,4/20/1999,19:42:37,false,Apt 555,,Asia/Makassar
94,Massimo,McCome,mmccome2l@loc.gov,Male,6/26/2006,9:21:39,true,PO Box 13060,,Asia/Jakarta
95,Bess,Sloey,bsloey2m@usgs.gov,,11/26/1997,19:47:57,false,PO Box 27498,Sweden,Europe/Stockholm
96,Emelina,Stockford,estockford2n@symantec.com,Polygender,3/16/2017,6:50:38,true,Apt 78,United States,America/New_York
97,Alayne,Grishankov,agrishankov2o@rambler.ru,Female,10/27/2002,15:37:42,true,Suite 16,Russia,Europe/Moscow
98,Tatum,Lovegrove,tlovegrove2p@meetup.com,Female,4/22/2005,11:49:56,false,,Venezuela,America/Caracas
99,Shellie,Novis,snovis2q@usa.gov,Female,12/17/1997,20:36:33,false,Apt 935,Malaysia,Asia/Kuala_Lumpur
100,Sheila,Cowell,scowell2r@about.com,Female,11/21/1997,21:29:01,false,Suite 70,Venezuela,America/Caracas
